packet_id,timestamp_ms,temperature,pressure,voltage,status,wall_time
0,0,21.9508,1013.0955,3.2834,1,2026-05-27T18:32:49.204637
1,100,22.0695,1013.0439,3.3213,1,2026-05-27T18:32:49.304559
2,200,21.9595,1013.0398,3.3033,1,2026-05-27T18:32:49.405245
3,301,22.1443,1013.0608,3.3051,1,2026-05-27T18:32:49.505864
4,401,22.0943,1013.0364,3.3209,1,2026-05-27T18:32:49.606476
5,502,22.2547,1013.1242,3.2898,1,2026-05-27T18:32:49.707089
6,603,22.1876,1013.0614,3.3072,1,2026-05-27T18:32:49.807672
7,704,22.1645,1013.1346,3.2969,1,2026-05-27T18:32:49.908332
8,804,22.2721,1013.1027,3.3164,1,2026-05-27T18:32:50.008964
9,905,22.2947,1012.9994,3.3076,1,2026-05-27T18:32:50.109433
10,1006,22.542,1013.1889,3.3128,1,2026-05-27T18:32:50.210679
11,1106,22.4253,1013.14,3.3092,1,2026-05-27T18:32:50.311020
12,1207,22.5405,1013.0789,3.3114,1,2026-05-27T18:32:50.411498
13,1307,22.5069,1013.0504,3.3253,1,2026-05-27T18:32:50.512026
14,1408,22.3955,1013.1451,3.3175,1,2026-05-27T18:32:50.612330
15,1508,22.2888,1013.1367,3.3001,1,2026-05-27T18:32:50.713083
16,1609,22.3167,1013.0768,3.301,1,2026-05-27T18:32:50.814162
17,1710,22.2894,1013.1125,3.3186,1,2026-05-27T18:32:50.914479
18,1810,22.6458,1013.1968,3.3106,1,2026-05-27T18:32:51.015300
19,1911,22.4852,1013.1844,3.3341,1,2026-05-27T18:32:51.115683
20,2012,22.5604,1013.2418,3.3173,1,2026-05-27T18:32:51.216417
21,2112,22.785,1013.2069,3.3468,1,2026-05-27T18:32:51.316767
22,2213,22.7882,1013.2211,3.3205,1,2026-05-27T18:32:51.417343
23,2313,22.6375,1013.2369,3.3184,1,2026-05-27T18:32:51.518167
24,2414,22.8061,1013.2833,3.3251,1,2026-05-27T18:32:51.618818
25,2514,22.7305,1013.28,3.3344,1,2026-05-27T18:32:51.719114
26,2615,22.7366,1013.197,3.2987,1,2026-05-27T18:32:51.820176
27,2716,22.7448,1013.2848,3.3411,1,2026-05-27T18:32:51.920844
28,2816,22.7434,1013.3732,3.3273,1,2026-05-27T18:32:52.021092
29,2917,22.8435,1013.2468,3.3374,1,2026-05-27T18:32:52.121380
30,3017,22.8356,1013.2493,3.3204,1,2026-05-27T18:32:52.221815
31,3117,23.053,1013.3146,3.3246,1,2026-05-27T18:32:52.322354
32,3218,23.0159,1013.3152,3.3215,1,2026-05-27T18:32:52.423051
33,3319,22.9428,1013.3029,3.3099,1,2026-05-27T18:32:52.523539
34,3419,22.8672,1013.398,3.3296,1,2026-05-27T18:32:52.624004
35,3520,22.936,1013.3586,3.3134,1,2026-05-27T18:32:52.724327
36,3620,22.9746,1013.4321,3.3347,1,2026-05-27T18:32:52.824654
37,3720,23.1644,1013.3812,3.3441,1,2026-05-27T18:32:52.925070
38,3821,22.9892,1013.4577,3.3394,1,2026-05-27T18:32:53.025313
39,3921,23.2032,1013.4008,3.3366,1,2026-05-27T18:32:53.126029
40,4022,23.1902,1013.4175,3.3414,1,2026-05-27T18:32:53.226879
41,4123,23.1689,1013.4,3.3433,1,2026-05-27T18:32:53.327550
42,4223,23.19,1013.4058,3.3492,1,2026-05-27T18:32:53.428258
43,4324,23.1791,1013.4756,3.3406,1,2026-05-27T18:32:53.529370
44,4425,23.2241,1013.4739,3.3293,1,2026-05-27T18:32:53.630291
45,4526,23.3358,1013.4432,3.3546,1,2026-05-27T18:32:53.730667
46,4626,23.4761,1013.4274,3.3269,1,2026-05-27T18:32:53.831010
47,4727,23.3198,1013.5801,3.3505,1,2026-05-27T18:32:53.931396
48,4827,23.1907,1013.5497,3.3251,1,2026-05-27T18:32:54.032464
49,4928,23.2248,1013.5062,3.336,1,2026-05-27T18:32:54.132642
50,5029,23.27,1013.4178,3.3556,1,2026-05-27T18:32:54.233386
51,5129,23.355,1013.5022,3.3334,1,2026-05-27T18:32:54.333884
52,5230,23.4048,1013.5086,3.341,1,2026-05-27T18:32:54.434520
53,5330,23.5549,1013.5938,3.3422,1,2026-05-27T18:32:54.534827
54,5431,23.4885,1013.5438,3.3477,1,2026-05-27T18:32:54.635643
55,5531,23.5451,1013.5424,3.3476,1,2026-05-27T18:32:54.736233
56,5632,23.5817,1013.5576,3.3372,1,2026-05-27T18:32:54.836424
57,5732,23.5721,1013.5988,3.3519,1,2026-05-27T18:32:54.936753
58,5833,23.7177,1013.6301,3.3538,1,2026-05-27T18:32:55.037277
59,5933,23.7072,1013.6438,3.3442,1,2026-05-27T18:32:55.137821
60,6034,23.6302,1013.6351,3.3477,1,2026-05-27T18:32:55.238652
61,6134,23.7115,1013.5775,3.3501,1,2026-05-27T18:32:55.338963
62,6235,23.743,1013.6459,3.3477,1,2026-05-27T18:32:55.439480
63,6335,23.7982,1013.7021,3.3512,1,2026-05-27T18:32:55.539963
64,6436,23.8048,1013.6484,3.3573,1,2026-05-27T18:32:55.640610
65,6536,23.8015,1013.6348,3.3466,1,2026-05-27T18:32:55.741233
66,6637,23.7618,1013.6568,3.3486,1,2026-05-27T18:32:55.841672
67,6737,23.9718,1013.5828,3.3645,1,2026-05-27T18:32:55.942242
68,6838,23.9219,1013.6412,3.3314,1,2026-05-27T18:32:56.042835
69,6939,23.7594,1013.6471,3.3484,1,2026-05-27T18:32:56.143366
70,7039,23.8611,1013.6846,3.3497,1,2026-05-27T18:32:56.243759
71,7139,23.8602,1013.7177,3.3501,1,2026-05-27T18:32:56.344012
72,7240,24.0318,1013.8131,3.3548,1,2026-05-27T18:32:56.444506
73,7340,24.075,1013.7278,3.3427,1,2026-05-27T18:32:56.545085
74,7441,24.1171,1013.6726,3.3273,1,2026-05-27T18:32:56.645654
75,7542,23.9402,1013.7144,3.3521,1,2026-05-27T18:32:56.746347
76,7642,23.9508,1013.7093,3.3567,1,2026-05-27T18:32:56.847543
77,7743,23.9351,1013.8223,3.3315,1,2026-05-27T18:32:56.948424
78,7844,24.2748,1013.7134,3.3573,1,2026-05-27T18:32:57.048718
79,7944,24.2291,1013.7668,3.357,1,2026-05-27T18:32:57.148969
80,8045,24.1866,1013.8074,3.3384,1,2026-05-27T18:32:57.249495
81,8145,24.1407,1013.7278,3.3389,1,2026-05-27T18:32:57.349892
82,8245,24.0485,1013.8378,3.3557,1,2026-05-27T18:32:57.450279
83,8346,24.2585,1013.7375,3.36,1,2026-05-27T18:32:57.550767
84,8446,24.2392,1013.8674,3.3535,1,2026-05-27T18:32:57.650987
85,8547,24.3224,1013.8226,3.3428,1,2026-05-27T18:32:57.751604
86,8647,24.2644,1013.9237,3.3537,1,2026-05-27T18:32:57.852002
87,8748,24.4185,1013.8242,3.3416,1,2026-05-27T18:32:57.952314
88,8848,24.3331,1013.7839,3.347,1,2026-05-27T18:32:58.052930
89,8949,24.5088,1013.7978,3.3522,1,2026-05-27T18:32:58.153623
90,9049,24.2751,1013.8567,3.3581,1,2026-05-27T18:32:58.253902
91,9149,24.4157,1013.8765,3.3388,1,2026-05-27T18:32:58.354200
92,9250,24.4498,1013.8766,3.3636,1,2026-05-27T18:32:58.454966
93,9351,24.2453,1013.8544,3.3399,1,2026-05-27T18:32:58.555402
94,9451,24.6105,1013.9557,3.3402,1,2026-05-27T18:32:58.655606
95,9551,24.3697,1013.8752,3.323,1,2026-05-27T18:32:58.756134
96,9652,24.5257,1013.9023,3.354,1,2026-05-27T18:32:58.856634
97,9752,24.42,1013.9203,3.3352,1,2026-05-27T18:32:58.957003
98,9853,24.6409,1014.0142,3.3495,1,2026-05-27T18:32:59.057362
99,9953,24.6725,1014.0226,3.3406,1,2026-05-27T18:32:59.157880
